{
  "placeholderImages": [
    {
      "id": "hero-video-alt",
      "description": "Professional video editing suite with multiple monitors and cinematic lighting",
      "imageUrl": "https://picsum.photos/seed/editing/1920/1080",
      "imageHint": "video editing"
    },
    {
      "id": "profile-pic",
      "description": "Professional portrait of a content creator",
      "imageUrl": "https://picsum.photos/seed/akshaya/800/800",
      "imageHint": "professional portrait"
    },
    {
      "id": "portfolio-1",
      "description": "Cinematic travel video thumbnail",
      "imageUrl": "https://picsum.photos/seed/p1/800/450",
      "imageHint": "cinematic travel"
    },
    {
      "id": "portfolio-2",
      "description": "High-energy sports reel thumbnail",
      "imageUrl": "https://picsum.photos/seed/p2/800/450",
      "imageHint": "sports video"
    },
    {
      "id": "portfolio-3",
      "description": "Professional corporate interview thumbnail",
      "imageUrl": "https://picsum.photos/seed/p3/800/450",
      "imageHint": "corporate video"
    },
    {
      "id": "portfolio-4",
      "description": "Vibrant YouTube lifestyle thumbnail",
      "imageUrl": "https://picsum.photos/seed/p4/800/450",
      "imageHint": "youtube content"
    },
    {
      "id": "phonepe-scanner",
      "description": "Official PhonePe QR Code for Akshaya Kumar",
      "imageUrl": "https://picsum.photos/seed/akshaya-scanner/800/1600",
      "imageHint": "QR code"
    }
  ]
}